date,channel,target,link_or_thread_id,status,notes,hep_count_on_audience_reach
2026-10-07,baseline,-,-,-,"Lifetime visits 498, 0 playing. Listing: Minimal, Ages 16+",unknown (not logged in)
,devforum,Creations Feedback,,drafted,,
,email,iamEvan,,drafted,,
,email,Photon,,drafted,,
,youtube_dm,JustADuckie,,drafted,,
,youtube_dm,JustHarrison,,drafted,,
,reddit,r/robloxgamedev,,drafted,check rules first,
,reddit,r/playmygame,,drafted,check rules first,
,roblox,game description,,drafted,replaces live copy with false claims,
